model,test_accuracy,cv_accuracy,cv_std
lr,0.8461538461538461,1.0,0.0
rf,1.0,1.0,0.0
svm,1.0,0.9333333333333332,0.09428090415820632
